,Overall rank,Country or region,Score,GDP per capita,Social support,Healthy life expectancy,Freedom to make life choices,Generosity,Perceptions of corruption,Year
0,1,Switzerland,7.587000000000001,1.3965100000000001,1.34951,0.9414299999999999,0.66557,0.29678000000000004,0.41978000000000004,2015
1,2,Iceland,7.561,1.3023200000000001,1.4022299999999999,0.94784,0.6287699999999999,0.4363,0.14145,2015
2,3,Denmark,7.527,1.32548,1.36058,0.87464,0.6493800000000001,0.34139,0.48357,2015
3,4,Norway,7.522,1.459,1.33095,0.88521,0.66973,0.34699,0.36503,2015
4,5,Canada,7.4270000000000005,1.32629,1.32261,0.9056299999999999,0.63297,0.45811,0.32957,2015
5,6,Finland,7.406000000000001,1.29025,1.31826,0.8891100000000001,0.64169,0.23351,0.41372,2015
6,7,Netherlands,7.377999999999999,1.32944,1.28017,0.89284,0.6157600000000001,0.4761,0.31814000000000003,2015
7,8,Sweden,7.364,1.33171,1.2890700000000002,0.9108700000000001,0.6598,0.36262,0.43843999999999994,2015
8,9,New Zealand,7.2860000000000005,1.2501799999999998,1.3196700000000001,0.9083700000000001,0.6393800000000001,0.47501000000000004,0.42922,2015
9,10,Australia,7.284,1.33358,1.30923,0.93156,0.6512399999999999,0.43562,0.35636999999999996,2015
10,11,Israel,7.278,1.2285700000000002,1.22393,0.9138700000000001,0.41318999999999995,0.33171999999999996,0.07785,2015
11,12,Costa Rica,7.226,0.95578,1.2378799999999999,0.8602700000000001,0.63376,0.25497,0.10583,2015
12,13,Austria,7.2,1.33723,1.29704,0.8904200000000001,0.62433,0.33088,0.18675999999999998,2015
13,14,Mexico,7.187,1.02054,0.91451,0.8144399999999999,0.48181,0.14074,0.21311999999999998,2015
14,15,United States,7.119,1.3945100000000001,1.24711,0.86179,0.54604,0.40105,0.1589,2015
15,16,Brazil,6.983,0.98124,1.2328700000000001,0.69702,0.49049,0.14574,0.17521,2015
16,17,Luxembourg,6.946000000000001,1.5639100000000001,1.21963,0.91894,0.61583,0.28034000000000003,0.37798000000000004,2015
17,18,Ireland,6.94,1.33596,1.36948,0.89533,0.6177699999999999,0.45901000000000003,0.28703,2015
18,19,Belgium,6.937,1.30782,1.28566,0.8966700000000001,0.5845,0.2225,0.2254,2015
19,20,United Arab Emirates,6.901,1.42727,1.12575,0.80925,0.64157,0.26428,0.38583,2015
20,21,United Kingdom,6.867000000000001,1.26637,1.28548,0.90943,0.59625,0.51912,0.32066999999999996,2015
21,22,Oman,6.853,1.36011,1.08182,0.76276,0.63274,0.21541999999999997,0.32524000000000003,2015
22,23,Venezuela,6.81,1.04424,1.25596,0.7205199999999999,0.42908,0.058410000000000004,0.11069000000000001,2015
23,24,Singapore,6.797999999999999,1.52186,1.02,1.02525,0.54252,0.31105,0.4921,2015
24,25,Panama,6.7860000000000005,1.0635299999999999,1.1985,0.79661,0.5421,0.24434,0.0927,2015
25,26,Germany,6.75,1.32792,1.2993700000000001,0.89186,0.6147699999999999,0.28214,0.21843,2015
26,27,Chile,6.67,1.10715,1.12447,0.85857,0.44132,0.33363000000000004,0.12869,2015
27,28,Qatar,6.611000000000001,1.69042,1.0786,0.79733,0.6404,0.32573,0.52208,2015
28,29,France,6.575,1.27778,1.2603799999999998,0.9457899999999999,0.55011,0.12332,0.20646,2015
29,30,Argentina,6.574,1.05351,1.24823,0.78723,0.44974,0.11450999999999999,0.08484,2015
30,31,Czech Republic,6.505,1.17898,1.20643,0.84483,0.46363999999999994,0.10686,0.02652,2015
31,32,Uruguay,6.485,1.06166,1.2089,0.8116,0.6036199999999999,0.2324,0.24558000000000002,2015
32,33,Colombia,6.477,0.91861,1.2401799999999998,0.69077,0.53466,0.18400999999999998,0.0512,2015
33,34,Thailand,6.455,0.9669,1.26504,0.7385,0.5566399999999999,0.5763,0.031869999999999996,2015
34,35,Saudi Arabia,6.4110000000000005,1.39541,1.0839299999999998,0.72025,0.31048000000000003,0.13706,0.32524000000000003,2015
35,36,Spain,6.329,1.23011,1.31379,0.95562,0.45951000000000003,0.18227000000000002,0.06398,2015
36,37,Malta,6.3020000000000005,1.2074,1.30203,0.88721,0.60365,0.51752,0.13585999999999998,2015
37,38,Taiwan,6.297999999999999,1.29098,1.07617,0.8753,0.3974,0.25376,0.08129,2015
38,39,Kuwait,6.295,1.5542200000000002,1.16594,0.72492,0.55499,0.16228,0.25609,2015
39,40,Suriname,6.269,0.99534,0.972,0.6082,0.5965699999999999,0.16990999999999998,0.13633,2015
40,41,Trinidad and Tobago,6.167999999999999,1.21183,1.18354,0.61483,0.55884,0.31844,0.0114,2015
41,42,El Salvador,6.13,0.76454,1.0250700000000001,0.67737,0.4035,0.10692,0.11775999999999999,2015
42,43,Guatemala,6.122999999999999,0.74553,1.04356,0.64425,0.57733,0.27489,0.09472,2015
43,44,Uzbekistan,6.002999999999999,0.63244,1.34043,0.59772,0.6582100000000001,0.22837,0.30826,2015
44,45,Slovakia,5.995,1.1689100000000001,1.26999,0.7890199999999999,0.31751,0.16893,0.03431,2015
45,46,Japan,5.987,1.27074,1.25712,0.99111,0.49615,0.10705,0.1806,2015
46,47,South Korea,5.984,1.24461,0.9577399999999999,0.9653799999999999,0.33208000000000004,0.18557,0.07857,2015
47,48,Ecuador,5.975,0.8640200000000001,0.99903,0.79075,0.48573999999999995,0.11540999999999998,0.1809,2015
48,49,Bahrain,5.96,1.32376,1.21624,0.74716,0.45492,0.17362,0.306,2015
49,50,Italy,5.9479999999999995,1.25114,1.19777,0.9544600000000001,0.26236,0.22823000000000002,0.02901,2015
50,51,Bolivia,5.89,0.68133,0.97841,0.5392,0.57414,0.20536,0.08800000000000001,2015
51,52,Moldova,5.888999999999999,0.59448,1.01528,0.61826,0.32818,0.20951,0.01615,2015
52,53,Paraguay,5.877999999999999,0.75985,1.30477,0.66098,0.53899,0.3424,0.08242000000000001,2015
53,54,Kazakhstan,5.855,1.1225399999999999,1.1224100000000001,0.64368,0.51649,0.11827,0.08454,2015
54,55,Slovenia,5.848,1.18498,1.27385,0.8733700000000001,0.60855,0.25328,0.03787,2015
55,56,Lithuania,5.832999999999999,1.14723,1.25745,0.73128,0.21341999999999997,0.026410000000000003,0.01031,2015
56,57,Nicaragua,5.827999999999999,0.59325,1.14184,0.7431399999999999,0.55475,0.27815,0.19317,2015
57,58,Peru,5.824,0.9001899999999999,0.97459,0.73017,0.41496000000000005,0.14982,0.05989,2015
58,59,Belarus,5.813,1.0319200000000002,1.23289,0.7360800000000001,0.37938,0.11045999999999999,0.1909,2015
59,60,Poland,5.791,1.12555,1.27948,0.77903,0.53122,0.16759000000000002,0.04212,2015
60,61,Malaysia,5.77,1.12486,1.07023,0.7239399999999999,0.5302399999999999,0.33075,0.10500999999999999,2015
61,62,Croatia,5.7589999999999995,1.08254,0.79624,0.78805,0.25883,0.054439999999999995,0.0243,2015
62,63,Libya,5.754,1.13145,1.1186200000000002,0.7038,0.41668,0.18295,0.11023,2015
63,64,Russia,5.716,1.13764,1.23617,0.6692600000000001,0.36679,0.00199,0.03005,2015
64,65,Jamaica,5.709,0.81038,1.1510200000000002,0.6874100000000001,0.50442,0.2123,0.02299,2015
65,66,North Cyprus,5.695,1.2080600000000001,1.07008,0.92356,0.49027,0.26169000000000003,0.1428,2015
66,67,Cyprus,5.689,1.20813,0.89318,0.92356,0.40671999999999997,0.30638000000000004,0.06146,2015
67,68,Algeria,5.605,0.93929,1.07772,0.61766,0.28579,0.07822,0.17382999999999998,2015
68,69,Kosovo,5.5889999999999995,0.80148,0.81198,0.63132,0.24749000000000002,0.2831,0.04741,2015
69,70,Turkmenistan,5.547999999999999,0.95847,1.22668,0.53886,0.4761,0.16979,0.30844,2015
70,71,Mauritius,5.477,1.0076100000000001,0.98521,0.7095,0.56066,0.37744,0.07521,2015
71,72,Hong Kong,5.474,1.38604,1.05818,1.01328,0.59608,0.39478,0.37124,2015
72,73,Estonia,5.428999999999999,1.15174,1.22791,0.77361,0.44888,0.0868,0.15184,2015
73,74,Indonesia,5.399,0.8282700000000001,1.0870799999999998,0.63793,0.46611,0.51535,0.0,2015
74,75,Vietnam,5.36,0.63216,0.9122600000000001,0.7467600000000001,0.59444,0.1686,0.10440999999999999,2015
75,76,Turkey,5.332000000000001,1.06098,0.94632,0.73172,0.22815,0.12253,0.15746,2015
76,77,Kyrgyzstan,5.2860000000000005,0.47428000000000003,1.15115,0.65088,0.43477,0.3003,0.042319999999999997,2015
77,78,Nigeria,5.268,0.65435,0.9043200000000001,0.16007000000000002,0.34334000000000003,0.27233,0.0403,2015
78,79,Bhutan,5.252999999999999,0.77042,1.10395,0.57407,0.5320600000000001,0.47998,0.15445,2015
79,80,Azerbaijan,5.212000000000001,1.02389,0.9379299999999999,0.64045,0.3703,0.07799,0.16065,2015
80,81,Pakistan,5.194,0.59543,0.41411000000000003,0.51466,0.12102,0.33671,0.10464000000000001,2015
81,82,Jordan,5.192,0.9019799999999999,1.05392,0.69639,0.40660999999999997,0.11052999999999999,0.14293,2015
82,82,Montenegro,5.192,0.9743799999999999,0.9055700000000001,0.72521,0.1826,0.1614,0.14296,2015
83,84,China,5.14,0.89012,0.94675,0.81658,0.5169699999999999,0.08185,0.02781,2015
84,85,Zambia,5.129,0.47038,0.91612,0.29924,0.48827,0.19591,0.12468,2015
85,86,Romania,5.124,1.04345,0.8858799999999999,0.7689,0.35068,0.13748,0.006490000000000001,2015
86,87,Serbia,5.122999999999999,0.92053,1.0096399999999999,0.74836,0.20107,0.19230999999999998,0.02617,2015
87,88,Portugal,5.102,1.15991,1.13935,0.8751899999999999,0.51469,0.13719,0.01078,2015
88,89,Latvia,5.098,1.11312,1.09562,0.72437,0.29671,0.18225999999999998,0.06332,2015
89,90,Philippines,5.073,0.70532,1.03516,0.58114,0.62545,0.24991,0.12279000000000001,2015
90,91,Somaliland region,5.0569999999999995,0.18847,0.95152,0.43873,0.46581999999999996,0.5031800000000001,0.39928,2015
91,92,Morocco,5.013,0.7347899999999999,0.64095,0.60954,0.41691000000000006,0.07172,0.08546000000000001,2015
92,93,Macedonia,5.007,0.91851,1.00232,0.73545,0.33457,0.22359,0.053270000000000005,2015
93,94,Mozambique,4.971,0.08308,1.02626,0.09131,0.34037,0.22269,0.15603,2015
94,95,Albania,4.959,0.8786700000000001,0.8043399999999999,0.81325,0.35733000000000004,0.14272,0.06412999999999999,2015
95,96,Bosnia and Herzegovina,4.949,0.8322299999999999,0.9191600000000001,0.79081,0.09245,0.24808000000000002,0.00227,2015
96,97,Lesotho,4.898,0.37545,1.04103,0.07612000000000001,0.31767,0.16388,0.12504,2015
97,98,Dominican Republic,4.885,0.8953700000000001,1.17202,0.66825,0.57672,0.21684,0.14234000000000002,2015
98,99,Laos,4.876,0.5906600000000001,0.73803,0.54909,0.59591,0.42191999999999996,0.24249,2015
99,100,Mongolia,4.874,0.82819,1.3006,0.60268,0.43626000000000004,0.3323,0.026660000000000003,2015
100,101,Swaziland,4.867,0.71206,1.07284,0.07566,0.30658,0.18259,0.0306,2015
101,102,Greece,4.857,1.15406,0.9293299999999999,0.88213,0.07699,0.0,0.013969999999999998,2015
102,103,Lebanon,4.8389999999999995,1.0256399999999999,0.80001,0.83947,0.33916,0.21854,0.04582,2015
103,104,Hungary,4.8,1.12094,1.20215,0.75905,0.32111999999999996,0.128,0.02758,2015
104,105,Honduras,4.788,0.59532,0.9534799999999999,0.6951,0.40148,0.23026999999999997,0.06825,2015
105,106,Tajikistan,4.7860000000000005,0.39047,0.8556299999999999,0.5737899999999999,0.47216,0.22974,0.15072,2015
106,107,Tunisia,4.739,0.88113,0.60429,0.73793,0.26268,0.06431,0.06358,2015
107,108,Palestinian Territories,4.715,0.59867,0.92558,0.66015,0.24499,0.11250999999999999,0.12905,2015
108,109,Bangladesh,4.694,0.39753,0.43106000000000005,0.60164,0.4082,0.21222,0.12569,2015
109,110,Iran,4.686,1.0088,0.54447,0.69805,0.30033000000000004,0.38086,0.058629999999999995,2015
110,111,Ukraine,4.681,0.79907,1.20278,0.6739,0.25123,0.15275,0.02961,2015
111,112,Iraq,4.677,0.98549,0.81889,0.60237,0.0,0.17922000000000002,0.13788,2015
112,113,South Africa,4.6419999999999995,0.9204899999999999,1.18468,0.27688,0.33207,0.11972999999999999,0.08884,2015
113,114,Ghana,4.633,0.5455800000000001,0.6795399999999999,0.40131999999999995,0.42341999999999996,0.23087,0.04355,2015
114,115,Zimbabwe,4.61,0.271,1.0327600000000001,0.33475,0.25861,0.18987,0.08079,2015
115,116,Liberia,4.571000000000001,0.0712,0.78968,0.34201,0.28531,0.24361999999999998,0.06232000000000001,2015
116,117,India,4.565,0.64499,0.38174,0.5152899999999999,0.39786,0.26475,0.08492000000000001,2015
117,118,Sudan,4.55,0.52107,1.01404,0.36878,0.10081,0.19062,0.1466,2015
118,119,Haiti,4.518,0.26673,0.74302,0.38847,0.24425,0.46187,0.17175,2015
119,120,Congo (Kinshasa),4.5169999999999995,0.0,1.0012,0.09806000000000001,0.22605,0.24834,0.07625,2015
120,121,Nepal,4.513999999999999,0.35996999999999996,0.86449,0.5687399999999999,0.38282,0.32295999999999997,0.059070000000000004,2015
121,122,Ethiopia,4.512,0.19072999999999998,0.60406,0.44055,0.4345,0.24325,0.15048,2015
122,123,Sierra Leone,4.507,0.33024000000000003,0.9557100000000001,0.0,0.4084,0.21488000000000002,0.08786000000000001,2015
123,124,Mauritania,4.436,0.45407,0.86908,0.35874,0.24231999999999998,0.21899999999999997,0.17461,2015
124,125,Kenya,4.419,0.36471,0.99876,0.41435,0.42215,0.37542,0.05839,2015
125,126,Djibouti,4.369,0.44025,0.59207,0.36291,0.46074,0.18093,0.28105,2015
126,127,Armenia,4.35,0.7682100000000001,0.7771100000000001,0.7299,0.19847,0.07855,0.039,2015
127,128,Botswana,4.332,0.99355,1.10464,0.047760000000000004,0.49495,0.10461,0.12474,2015
128,129,Myanmar,4.3069999999999995,0.27108000000000004,0.70905,0.48246000000000006,0.44017,0.79588,0.19034,2015
129,130,Georgia,4.297,0.7419,0.38561999999999996,0.72926,0.40576999999999996,0.055470000000000005,0.38331,2015
130,131,Malawi,4.292,0.016040000000000002,0.41134,0.22562,0.43054,0.33128,0.06977,2015
131,132,Sri Lanka,4.271,0.83524,1.01905,0.70806,0.5372600000000001,0.40828000000000003,0.09179,2015
132,133,Cameroon,4.252,0.4225,0.8876700000000001,0.23401999999999998,0.49309,0.20618000000000003,0.05786,2015
133,134,Bulgaria,4.218,1.01216,1.10614,0.76649,0.30587,0.11921,0.00872,2015
134,135,Egypt,4.194,0.8818,0.747,0.61712,0.17288,0.11291,0.06324,2015
135,136,Yemen,4.077,0.5464899999999999,0.68093,0.40064,0.35570999999999997,0.09131,0.07854,2015
136,137,Angola,4.033,0.75778,0.8604,0.16683,0.10384000000000002,0.12344000000000001,0.07122,2015
137,138,Mali,3.995,0.26074,1.03526,0.20583,0.38856999999999997,0.18798,0.12352,2015
138,139,Congo (Brazzaville),3.989,0.67866,0.6629,0.31051,0.41466000000000003,0.12387999999999999,0.11685999999999999,2015
139,140,Comoros,3.9560000000000004,0.23906,0.79273,0.36315,0.22916999999999998,0.17440999999999998,0.19899999999999998,2015
140,141,Uganda,3.931,0.21101999999999999,1.13299,0.33860999999999997,0.45726999999999995,0.29066,0.07267,2015
141,142,Senegal,3.904,0.36498,0.97619,0.4354,0.36772,0.20843000000000003,0.10712999999999999,2015
142,143,Gabon,3.8960000000000004,1.06024,0.90528,0.43372,0.31914000000000003,0.06822,0.11091,2015
143,144,Niger,3.845,0.0694,0.77265,0.29707,0.47691999999999996,0.19387000000000001,0.15639,2015
144,145,Cambodia,3.819,0.46038,0.62736,0.61114,0.66246,0.40359,0.07247,2015
145,146,Tanzania,3.781,0.2852,1.00268,0.38215,0.32878,0.34376999999999996,0.05747000000000001,2015
146,147,Madagascar,3.681,0.20824,0.66801,0.46721,0.19184,0.21333000000000002,0.08123999999999999,2015
147,148,Central African Republic,3.678,0.0785,0.0,0.06699,0.48878999999999995,0.23835,0.08288999999999999,2015
148,149,Chad,3.667,0.34193,0.76062,0.1501,0.23501,0.18386,0.05269,2015
149,150,Guinea,3.656,0.17417,0.46475,0.24009,0.37725,0.28657,0.12139000000000001,2015
150,151,Ivory Coast,3.655,0.46534,0.77115,0.15185,0.46866,0.20165,0.17922000000000002,2015
151,152,Burkina Faso,3.5869999999999997,0.25811999999999996,0.85188,0.27125,0.39493,0.21746999999999997,0.12832000000000002,2015
152,153,Afghanistan,3.575,0.31982,0.30285,0.30335,0.23414000000000001,0.3651,0.09719,2015
153,154,Rwanda,3.465,0.22208000000000003,0.7737,0.42863999999999997,0.59201,0.22628,0.55191,2015
154,155,Benin,3.34,0.28665,0.35386,0.3191,0.4845,0.1826,0.0801,2015
155,156,Syria,3.0060000000000002,0.6632,0.47489,0.7219300000000001,0.15684,0.47179,0.18905999999999998,2015
156,157,Burundi,2.905,0.0153,0.41586999999999996,0.22396,0.1185,0.19727,0.10062,2015
157,158,Togo,2.839,0.20868,0.13995,0.28443,0.36453,0.16680999999999999,0.10730999999999999,2015
0,1,Finland,7.769,1.34,1.587,0.986,0.596,0.153,0.39299999999999996,2019
1,2,Denmark,7.6,1.383,1.5730000000000002,0.996,0.5920000000000001,0.252,0.41,2019
2,3,Norway,7.553999999999999,1.4880000000000002,1.5819999999999999,1.028,0.603,0.271,0.341,2019
3,4,Iceland,7.494,1.38,1.624,1.026,0.591,0.354,0.11800000000000001,2019
4,5,Netherlands,7.4879999999999995,1.396,1.5219999999999998,0.9990000000000001,0.557,0.322,0.298,2019
5,6,Switzerland,7.48,1.452,1.526,1.052,0.5720000000000001,0.263,0.34299999999999997,2019
6,7,Sweden,7.343,1.3869999999999998,1.4869999999999999,1.0090000000000001,0.574,0.267,0.373,2019
7,8,New Zealand,7.307,1.3030000000000002,1.557,1.026,0.585,0.33,0.38,2019
8,9,Canada,7.278,1.365,1.505,1.0390000000000001,0.584,0.285,0.308,2019
9,10,Austria,7.246,1.376,1.475,1.016,0.532,0.244,0.226,2019
10,11,Australia,7.228,1.3719999999999999,1.548,1.036,0.557,0.332,0.29,2019
11,12,Costa Rica,7.167000000000001,1.034,1.4409999999999998,0.963,0.5579999999999999,0.14400000000000002,0.09300000000000001,2019
12,13,Israel,7.138999999999999,1.276,1.455,1.0290000000000001,0.371,0.261,0.08199999999999999,2019
13,14,Luxembourg,7.09,1.609,1.479,1.012,0.526,0.19399999999999998,0.316,2019
14,15,United Kingdom,7.053999999999999,1.3330000000000002,1.538,0.996,0.45,0.348,0.278,2019
15,16,Ireland,7.021,1.499,1.5530000000000002,0.9990000000000001,0.516,0.298,0.31,2019
16,17,Germany,6.985,1.3730000000000002,1.454,0.987,0.495,0.261,0.265,2019
17,18,Belgium,6.922999999999999,1.3559999999999999,1.504,0.986,0.473,0.16,0.21,2019
18,19,United States,6.892,1.433,1.4569999999999999,0.8740000000000001,0.45399999999999996,0.28,0.128,2019
19,20,Czech Republic,6.852,1.2690000000000001,1.4869999999999999,0.92,0.457,0.046,0.036000000000000004,2019
20,21,United Arab Emirates,6.825,1.5030000000000001,1.31,0.825,0.598,0.262,0.182,2019
21,22,Malta,6.726,1.3,1.52,0.9990000000000001,0.564,0.375,0.151,2019
22,23,Mexico,6.595,1.07,1.3230000000000002,0.861,0.433,0.07400000000000001,0.073,2019
23,24,France,6.5920000000000005,1.324,1.472,1.045,0.436,0.111,0.183,2019
24,25,Taiwan,6.446000000000001,1.368,1.43,0.914,0.35100000000000003,0.242,0.09699999999999999,2019
25,26,Chile,6.444,1.159,1.369,0.92,0.35700000000000004,0.187,0.055999999999999994,2019
26,27,Guatemala,6.436,0.8,1.2690000000000001,0.746,0.535,0.175,0.078,2019
27,28,Saudi Arabia,6.375,1.403,1.357,0.795,0.439,0.08,0.132,2019
28,29,Qatar,6.374,1.6840000000000002,1.3130000000000002,0.871,0.555,0.22,0.16699999999999998,2019
29,30,Spain,6.354,1.286,1.484,1.062,0.36200000000000004,0.153,0.079,2019
30,31,Panama,6.321000000000001,1.149,1.442,0.91,0.516,0.109,0.054000000000000006,2019
31,32,Brazil,6.3,1.004,1.439,0.802,0.39,0.099,0.086,2019
32,33,Uruguay,6.292999999999999,1.124,1.465,0.8909999999999999,0.523,0.127,0.15,2019
33,34,Singapore,6.2620000000000005,1.5719999999999998,1.463,1.141,0.556,0.271,0.45299999999999996,2019
34,35,El Salvador,6.252999999999999,0.794,1.242,0.789,0.43,0.09300000000000001,0.07400000000000001,2019
35,36,Italy,6.223,1.294,1.4880000000000002,1.0390000000000001,0.231,0.158,0.03,2019
36,37,Bahrain,6.199,1.3619999999999999,1.368,0.871,0.536,0.255,0.11,2019
37,38,Slovakia,6.1979999999999995,1.246,1.504,0.8809999999999999,0.33399999999999996,0.121,0.013999999999999999,2019
38,39,Trinidad & Tobago,6.192,1.2309999999999999,1.4769999999999999,0.713,0.489,0.185,0.016,2019
39,40,Poland,6.182,1.206,1.4380000000000002,0.884,0.483,0.11699999999999999,0.05,2019
40,41,Uzbekistan,6.1739999999999995,0.745,1.5290000000000001,0.7559999999999999,0.631,0.322,0.24,2019
41,42,Lithuania,6.149,1.238,1.515,0.818,0.29100000000000004,0.043,0.042,2019
42,43,Colombia,6.125,0.985,1.41,0.841,0.47,0.099,0.034,2019
43,44,Slovenia,6.117999999999999,1.258,1.5230000000000001,0.953,0.564,0.14400000000000002,0.057,2019
44,45,Nicaragua,6.105,0.6940000000000001,1.325,0.835,0.435,0.2,0.127,2019
45,46,Kosovo,6.1,0.882,1.232,0.758,0.489,0.262,0.006,2019
46,47,Argentina,6.086,1.092,1.432,0.8809999999999999,0.47100000000000003,0.066,0.05,2019
47,48,Romania,6.07,1.162,1.232,0.825,0.462,0.083,0.005,2019
48,49,Cyprus,6.046,1.263,1.2229999999999999,1.042,0.406,0.19,0.040999999999999995,2019
49,50,Ecuador,6.028,0.912,1.3119999999999998,0.868,0.498,0.126,0.087,2019
50,51,Kuwait,6.021,1.5,1.319,0.8079999999999999,0.493,0.142,0.09699999999999999,2019
51,52,Thailand,6.007999999999999,1.05,1.409,0.828,0.557,0.359,0.027999999999999997,2019
52,53,Latvia,5.94,1.187,1.465,0.812,0.264,0.075,0.064,2019
53,54,South Korea,5.895,1.301,1.219,1.036,0.159,0.175,0.055999999999999994,2019
54,55,Estonia,5.893,1.237,1.528,0.8740000000000001,0.495,0.10300000000000001,0.161,2019
55,56,Jamaica,5.89,0.831,1.4780000000000002,0.831,0.49,0.107,0.027999999999999997,2019
56,57,Mauritius,5.888,1.12,1.402,0.7979999999999999,0.498,0.215,0.06,2019
57,58,Japan,5.886,1.327,1.419,1.088,0.445,0.069,0.14,2019
58,59,Honduras,5.86,0.642,1.236,0.828,0.507,0.24600000000000002,0.078,2019
59,60,Kazakhstan,5.809,1.173,1.508,0.7290000000000001,0.41,0.146,0.096,2019
60,61,Bolivia,5.779,0.7759999999999999,1.209,0.706,0.511,0.13699999999999998,0.064,2019
61,62,Hungary,5.757999999999999,1.2009999999999998,1.41,0.828,0.19899999999999998,0.081,0.02,2019
62,63,Paraguay,5.742999999999999,0.855,1.475,0.777,0.514,0.184,0.08,2019
63,64,Northern Cyprus,5.718,1.263,1.252,1.042,0.41700000000000004,0.191,0.162,2019
64,65,Peru,5.697,0.96,1.274,0.8540000000000001,0.455,0.083,0.027000000000000003,2019
65,66,Portugal,5.693,1.2209999999999999,1.431,0.9990000000000001,0.508,0.047,0.025,2019
66,67,Pakistan,5.653,0.677,0.8859999999999999,0.535,0.313,0.22,0.098,2019
67,68,Russia,5.648,1.183,1.452,0.726,0.33399999999999996,0.08199999999999999,0.031,2019
68,69,Philippines,5.631,0.807,1.2930000000000001,0.657,0.5579999999999999,0.11699999999999999,0.107,2019
69,70,Serbia,5.603,1.004,1.383,0.8540000000000001,0.282,0.13699999999999998,0.039,2019
70,71,Moldova,5.529,0.685,1.328,0.7390000000000001,0.245,0.18100000000000002,0.0,2019
71,72,Libya,5.525,1.044,1.3030000000000002,0.6729999999999999,0.41600000000000004,0.133,0.152,2019
72,73,Montenegro,5.523,1.051,1.361,0.871,0.19699999999999998,0.142,0.08,2019
73,74,Tajikistan,5.4670000000000005,0.493,1.0979999999999999,0.718,0.389,0.23,0.14400000000000002,2019
74,75,Croatia,5.432,1.155,1.266,0.914,0.29600000000000004,0.11900000000000001,0.022000000000000002,2019
75,76,Hong Kong,5.43,1.4380000000000002,1.2770000000000001,1.122,0.44,0.258,0.287,2019
76,77,Dominican Republic,5.425,1.015,1.401,0.779,0.49700000000000005,0.113,0.10099999999999999,2019
77,78,Bosnia and Herzegovina,5.386,0.945,1.212,0.845,0.212,0.263,0.006,2019
78,79,Turkey,5.372999999999999,1.183,1.36,0.8079999999999999,0.195,0.083,0.106,2019
79,80,Malaysia,5.3389999999999995,1.2209999999999999,1.171,0.828,0.508,0.26,0.024,2019
80,81,Belarus,5.3229999999999995,1.067,1.465,0.789,0.235,0.094,0.142,2019
81,82,Greece,5.287000000000001,1.181,1.156,0.9990000000000001,0.067,0.0,0.034,2019
82,83,Mongolia,5.285,0.948,1.531,0.667,0.317,0.235,0.038,2019
83,84,North Macedonia,5.274,0.983,1.294,0.838,0.345,0.185,0.034,2019
84,85,Nigeria,5.265,0.696,1.111,0.245,0.426,0.215,0.040999999999999995,2019
85,86,Kyrgyzstan,5.261,0.551,1.4380000000000002,0.723,0.508,0.3,0.023,2019
86,87,Turkmenistan,5.247000000000001,1.052,1.538,0.657,0.39399999999999996,0.244,0.027999999999999997,2019
87,88,Algeria,5.211,1.002,1.16,0.785,0.086,0.073,0.114,2019
88,89,Morocco,5.207999999999999,0.8009999999999999,0.782,0.782,0.418,0.036000000000000004,0.076,2019
89,90,Azerbaijan,5.207999999999999,1.043,1.147,0.769,0.35100000000000003,0.035,0.182,2019
90,91,Lebanon,5.197,0.987,1.224,0.815,0.21600000000000003,0.166,0.027000000000000003,2019
91,92,Indonesia,5.192,0.9309999999999999,1.203,0.66,0.491,0.498,0.027999999999999997,2019
92,93,China,5.191,1.0290000000000001,1.125,0.893,0.521,0.057999999999999996,0.1,2019
93,94,Vietnam,5.175,0.741,1.3459999999999999,0.851,0.5429999999999999,0.147,0.073,2019
94,95,Bhutan,5.082,0.813,1.321,0.604,0.457,0.37,0.16699999999999998,2019
95,96,Cameroon,5.044,0.5489999999999999,0.91,0.331,0.381,0.187,0.037000000000000005,2019
96,97,Bulgaria,5.011,1.092,1.5130000000000001,0.815,0.311,0.081,0.004,2019
97,98,Ghana,4.996,0.611,0.868,0.486,0.381,0.245,0.04,2019
98,99,Ivory Coast,4.944,0.569,0.8079999999999999,0.23199999999999998,0.35200000000000004,0.154,0.09,2019
99,100,Nepal,4.913,0.446,1.226,0.677,0.439,0.285,0.08900000000000001,2019
100,101,Jordan,4.906000000000001,0.8370000000000001,1.225,0.815,0.38299999999999995,0.11,0.13,2019
101,102,Benin,4.883,0.39299999999999996,0.43700000000000006,0.397,0.349,0.175,0.08199999999999999,2019
102,103,Congo (Brazzaville),4.812,0.6729999999999999,0.799,0.508,0.37200000000000005,0.105,0.09300000000000001,2019
103,104,Gabon,4.7989999999999995,1.057,1.183,0.5710000000000001,0.295,0.043,0.055,2019
104,105,Laos,4.796,0.764,1.03,0.551,0.547,0.266,0.16399999999999998,2019
105,106,South Africa,4.7219999999999995,0.96,1.351,0.469,0.389,0.13,0.055,2019
106,107,Albania,4.718999999999999,0.9470000000000001,0.848,0.8740000000000001,0.38299999999999995,0.17800000000000002,0.027000000000000003,2019
107,108,Venezuela,4.707,0.96,1.4269999999999998,0.805,0.154,0.064,0.047,2019
108,109,Cambodia,4.7,0.574,1.122,0.637,0.609,0.23199999999999998,0.062,2019
109,110,Palestinian Territories,4.696000000000001,0.657,1.247,0.672,0.225,0.10300000000000001,0.066,2019
110,111,Senegal,4.681,0.45,1.1340000000000001,0.5710000000000001,0.292,0.153,0.07200000000000001,2019
111,112,Somalia,4.668,0.0,0.698,0.268,0.5589999999999999,0.243,0.27,2019
112,113,Namibia,4.638999999999999,0.879,1.3130000000000002,0.47700000000000004,0.401,0.07,0.055999999999999994,2019
113,114,Niger,4.628,0.138,0.774,0.366,0.318,0.188,0.102,2019
114,115,Burkina Faso,4.587,0.331,1.056,0.38,0.255,0.177,0.113,2019
115,116,Armenia,4.559,0.85,1.055,0.815,0.28300000000000003,0.095,0.064,2019
116,117,Iran,4.548,1.1,0.8420000000000001,0.785,0.305,0.27,0.125,2019
117,118,Guinea,4.534,0.38,0.8290000000000001,0.375,0.332,0.207,0.086,2019
118,119,Georgia,4.519,0.8859999999999999,0.6659999999999999,0.752,0.34600000000000003,0.043,0.16399999999999998,2019
119,120,Gambia,4.516,0.308,0.9390000000000001,0.428,0.382,0.26899999999999996,0.16699999999999998,2019
120,121,Kenya,4.5089999999999995,0.512,0.983,0.581,0.431,0.37200000000000005,0.053,2019
121,122,Mauritania,4.49,0.57,1.167,0.489,0.066,0.106,0.08800000000000001,2019
122,123,Mozambique,4.466,0.204,0.986,0.39,0.494,0.19699999999999998,0.138,2019
123,124,Tunisia,4.461,0.9209999999999999,1.0,0.815,0.16699999999999998,0.059000000000000004,0.055,2019
124,125,Bangladesh,4.456,0.562,0.9279999999999999,0.723,0.527,0.166,0.14300000000000002,2019
125,126,Iraq,4.437,1.043,0.98,0.574,0.24100000000000002,0.14800000000000002,0.08900000000000001,2019
126,127,Congo (Kinshasa),4.418,0.094,1.125,0.35700000000000004,0.26899999999999996,0.212,0.053,2019
127,128,Mali,4.39,0.385,1.105,0.308,0.327,0.153,0.052000000000000005,2019
128,129,Sierra Leone,4.374,0.268,0.841,0.242,0.309,0.252,0.045,2019
129,130,Sri Lanka,4.3660000000000005,0.9490000000000001,1.265,0.831,0.47,0.244,0.047,2019
130,131,Myanmar,4.36,0.71,1.181,0.555,0.525,0.5660000000000001,0.172,2019
131,132,Chad,4.35,0.35,0.7659999999999999,0.192,0.174,0.198,0.078,2019
132,133,Ukraine,4.332,0.82,1.39,0.7390000000000001,0.17800000000000002,0.187,0.01,2019
133,134,Ethiopia,4.2860000000000005,0.336,1.033,0.532,0.344,0.209,0.1,2019
134,135,Swaziland,4.212,0.8109999999999999,1.149,0.0,0.313,0.07400000000000001,0.135,2019
135,136,Uganda,4.189,0.332,1.069,0.44299999999999995,0.35600000000000004,0.252,0.06,2019
136,137,Egypt,4.166,0.9129999999999999,1.0390000000000001,0.644,0.24100000000000002,0.076,0.067,2019
137,138,Zambia,4.107,0.578,1.058,0.426,0.431,0.247,0.087,2019
138,139,Togo,4.085,0.275,0.5720000000000001,0.41,0.293,0.177,0.085,2019
139,140,India,4.015,0.755,0.765,0.588,0.498,0.2,0.085,2019
140,141,Liberia,3.975,0.073,0.922,0.44299999999999995,0.37,0.233,0.033,2019
141,142,Comoros,3.9730000000000003,0.27399999999999997,0.757,0.505,0.142,0.275,0.078,2019
142,143,Madagascar,3.9330000000000003,0.27399999999999997,0.9159999999999999,0.555,0.14800000000000002,0.16899999999999998,0.040999999999999995,2019
143,144,Lesotho,3.802,0.489,1.169,0.168,0.359,0.107,0.09300000000000001,2019
144,145,Burundi,3.775,0.046,0.447,0.38,0.22,0.17600000000000002,0.18,2019
145,146,Zimbabwe,3.6630000000000003,0.366,1.114,0.433,0.361,0.151,0.08900000000000001,2019
146,147,Haiti,3.597,0.32299999999999995,0.688,0.449,0.026000000000000002,0.419,0.11,2019
147,148,Botswana,3.488,1.041,1.145,0.5379999999999999,0.455,0.025,0.1,2019
148,149,Syria,3.4619999999999997,0.619,0.37799999999999995,0.44,0.013000000000000001,0.331,0.141,2019
149,150,Malawi,3.41,0.191,0.56,0.495,0.44299999999999995,0.218,0.08900000000000001,2019
150,151,Yemen,3.38,0.287,1.163,0.46299999999999997,0.14300000000000002,0.10800000000000001,0.077,2019
151,152,Rwanda,3.3339999999999996,0.359,0.711,0.614,0.555,0.217,0.41100000000000003,2019
152,153,Tanzania,3.2310000000000003,0.47600000000000003,0.885,0.499,0.41700000000000004,0.276,0.147,2019
153,154,Afghanistan,3.2030000000000003,0.35,0.517,0.361,0.0,0.158,0.025,2019
154,155,Central African Republic,3.083,0.026000000000000002,0.0,0.105,0.225,0.235,0.035,2019
155,156,South Sudan,2.853,0.306,0.575,0.295,0.01,0.20199999999999999,0.091,2019
